{"idr":"73990000","steem":0.0001875,"sbd":0.000174}